{
  "fio version" : "fio-3.39",
  "timestamp" : 1779840341,
  "timestamp_ms" : 1779840341522,
  "time" : "Wed May 27 08:05:41 2026",
  "global options" : {
    "ioengine" : "rbd",
    "direct" : "1",
    "time_based" : "1",
    "ramp_time" : "5",
    "group_reporting" : "1",
    "runtime" : "120",
    "clientname" : "admin",
    "pool" : "bench-rbd",
    "rbdname" : "sat0025"
  },
  "jobs" : [
    {
      "jobname" : "rbm-soak-4k-randwrite-qd16",
      "groupid" : 0,
      "job_start" : 1779840221269,
      "error" : 0,
      "eta" : 0,
      "elapsed" : 126,
      "job options" : {
        "bs" : "4k",
        "rw" : "randwrite",
        "iodepth" : "16",
        "numjobs" : "1"
      },
      "read" : {
        "io_bytes" : 0,
        "io_kbytes" : 0,
        "bw_bytes" : 0,
        "bw" : 0,
        "iops" : 0.000000,
        "runtime" : 0,
        "total_ios" : 0,
        "short_ios" : 0,
        "drop_ios" : 0,
        "slat_ns" : {
          "min" : 0,
          "max" : 0,
          "mean" : 0.000000,
          "stddev" : 0.000000,
          "N" : 0
        },
        "clat_ns" : {
          "min" : 0,
          "max" : 0,
          "mean" : 0.000000,
          "stddev" : 0.000000,
          "N" : 0
        },
        "lat_ns" : {
          "min" : 0,
          "max" : 0,
          "mean" : 0.000000,
          "stddev" : 0.000000,
          "N" : 0
        },
        "bw_min" : 0,
        "bw_max" : 0,
        "bw_agg" : 0.000000,
        "bw_mean" : 0.000000,
        "bw_dev" : 0.000000,
        "bw_samples" : 0,
        "iops_min" : 0,
        "iops_max" : 0,
        "iops_mean" : 0.000000,
        "iops_stddev" : 0.000000,
        "iops_samples" : 0
      },
      "write" : {
        "io_bytes" : 876204032,
        "io_kbytes" : 855668,
        "bw_bytes" : 7301152,
        "bw" : 7130,
        "iops" : 1782.382988,
        "runtime" : 120009,
        "total_ios" : 213902,
        "short_ios" : 0,
        "drop_ios" : 0,
        "slat_ns" : {
          "min" : 291,
          "max" : 34555,
          "mean" : 2346.070163,
          "stddev" : 1672.813798,
          "N" : 213902
        },
        "clat_ns" : {
          "min" : 2380916,
          "max" : 62470194,
          "mean" : 8973551.221815,
          "stddev" : 3854715.648116,
          "N" : 213917,
          "percentile" : {
            "1.000000" : 4227072,
            "5.000000" : 4947968,
            "10.000000" : 5406720,
            "20.000000" : 6062080,
            "30.000000" : 6651904,
            "40.000000" : 7241728,
            "50.000000" : 7897088,
            "60.000000" : 8716288,
            "70.000000" : 9895936,
            "80.000000" : 11468800,
            "90.000000" : 13959168,
            "95.000000" : 16580608,
            "99.000000" : 22675456,
            "99.500000" : 25034752,
            "99.900000" : 31588352,
            "99.950000" : 34865152,
            "99.990000" : 43253760
          }
        },
        "lat_ns" : {
          "min" : 2382318,
          "max" : 62472228,
          "mean" : 8975897.327777,
          "stddev" : 3854677.958076,
          "N" : 213917
        },
        "bw_min" : 5907,
        "bw_max" : 8184,
        "bw_agg" : 100.000000,
        "bw_mean" : 7131.620833,
        "bw_dev" : 413.856364,
        "bw_samples" : 240,
        "iops_min" : 1476,
        "iops_max" : 2046,
        "iops_mean" : 1782.854167,
        "iops_stddev" : 103.458437,
        "iops_samples" : 240
      },
      "trim" : {
        "io_bytes" : 0,
        "io_kbytes" : 0,
        "bw_bytes" : 0,
        "bw" : 0,
        "iops" : 0.000000,
        "runtime" : 0,
        "total_ios" : 0,
        "short_ios" : 0,
        "drop_ios" : 0,
        "slat_ns" : {
          "min" : 0,
          "max" : 0,
          "mean" : 0.000000,
          "stddev" : 0.000000,
          "N" : 0
        },
        "clat_ns" : {
          "min" : 0,
          "max" : 0,
          "mean" : 0.000000,
          "stddev" : 0.000000,
          "N" : 0
        },
        "lat_ns" : {
          "min" : 0,
          "max" : 0,
          "mean" : 0.000000,
          "stddev" : 0.000000,
          "N" : 0
        },
        "bw_min" : 0,
        "bw_max" : 0,
        "bw_agg" : 0.000000,
        "bw_mean" : 0.000000,
        "bw_dev" : 0.000000,
        "bw_samples" : 0,
        "iops_min" : 0,
        "iops_max" : 0,
        "iops_mean" : 0.000000,
        "iops_stddev" : 0.000000,
        "iops_samples" : 0
      },
      "sync" : {
        "total_ios" : 0,
        "lat_ns" : {
          "min" : 0,
          "max" : 0,
          "mean" : 0.000000,
          "stddev" : 0.000000,
          "N" : 0
        }
      },
      "job_runtime" : 120008,
      "usr_cpu" : 0.696620,
      "sys_cpu" : 0.278315,
      "ctx" : 156975,
      "majf" : 0,
      "minf" : 2,
      "iodepth_level" : {
        "1" : 0.000000,
        "2" : 0.000000,
        "4" : 0.000000,
        "8" : 0.000000,
        "16" : 100.000000,
        "32" : 0.000000,
        ">=64" : 0.000000
      },
      "iodepth_submit" : {
        "0" : 0.000000,
        "4" : 100.000000,
        "8" : 0.000000,
        "16" : 0.000000,
        "32" : 0.000000,
        "64" : 0.000000,
        ">=64" : 0.000000
      },
      "iodepth_complete" : {
        "0" : 0.000000,
        "4" : 99.999766,
        "8" : 0.000000,
        "16" : 0.100000,
        "32" : 0.000000,
        "64" : 0.000000,
        ">=64" : 0.000000
      },
      "latency_ns" : {
        "2" : 0.000000,
        "4" : 0.000000,
        "10" : 0.000000,
        "20" : 0.000000,
        "50" : 0.000000,
        "100" : 0.000000,
        "250" : 0.000000,
        "500" : 0.000000,
        "750" : 0.000000,
        "1000" : 0.000000
      },
      "latency_us" : {
        "2" : 0.000000,
        "4" : 0.000000,
        "10" : 0.000000,
        "20" : 0.000000,
        "50" : 0.000000,
        "100" : 0.000000,
        "250" : 0.000000,
        "500" : 0.000000,
        "750" : 0.000000,
        "1000" : 0.000000
      },
      "latency_ms" : {
        "2" : 0.000000,
        "4" : 0.551187,
        "10" : 70.507990,
        "20" : 26.966087,
        "50" : 1.979879,
        "100" : 0.010000,
        "250" : 0.000000,
        "500" : 0.000000,
        "750" : 0.000000,
        "1000" : 0.000000,
        "2000" : 0.000000,
        ">=2000" : 0.000000
      },
      "latency_depth" : 16,
      "latency_target" : 0,
      "latency_percentile" : 100.000000,
      "latency_window" : 0
    }
  ],
  "disk_util" : [
    {
      "name" : "dm-3",
      "read_ios" : 495,
      "write_ios" : 17554,
      "read_sectors" : 34977,
      "write_sectors" : 13376744,
      "read_merges" : 0,
      "write_merges" : 0,
      "read_ticks" : 241,
      "write_ticks" : 11295,
      "in_queue" : 11536,
      "util" : 1.378384,
      "aggr_read_ios" : 1354,
      "aggr_write_ios" : 59142,
      "aggr_read_sectors" : 232865,
      "aggr_write_sectors" : 13376960,
      "aggr_read_merges" : 4,
      "aggr_write_merge" : 7776,
      "aggr_read_ticks" : 653,
      "aggr_write_ticks" : 428513,
      "aggr_in_queue" : 429283,
      "aggr_util" : 1.350034
    },
    {
      "name" : "nvme0n1",
      "read_ios" : 1354,
      "write_ios" : 59142,
      "read_sectors" : 232865,
      "write_sectors" : 13376960,
      "read_merges" : 4,
      "write_merges" : 7776,
      "read_ticks" : 653,
      "write_ticks" : 428513,
      "in_queue" : 429283,
      "util" : 1.350034
    }
  ]
}
