{
  "fio version" : "fio-3.39",
  "timestamp" : 1779841002,
  "timestamp_ms" : 1779841002061,
  "time" : "Wed May 27 08:16:42 2026",
  "global options" : {
    "ioengine" : "rbd",
    "direct" : "1",
    "time_based" : "1",
    "ramp_time" : "10",
    "group_reporting" : "1",
    "runtime" : "600",
    "clientname" : "admin",
    "pool" : "bench-rbd",
    "rbdname" : "sat0025"
  },
  "jobs" : [
    {
      "jobname" : "rbm-soak-4k-randwrite-qd16-10min",
      "groupid" : 0,
      "job_start" : 1779840401811,
      "error" : 0,
      "eta" : 0,
      "elapsed" : 611,
      "job options" : {
        "bs" : "4k",
        "rw" : "randwrite",
        "iodepth" : "16",
        "numjobs" : "1"
      },
      "read" : {
        "io_bytes" : 0,
        "io_kbytes" : 0,
        "bw_bytes" : 0,
        "bw" : 0,
        "iops" : 0.000000,
        "runtime" : 0,
        "total_ios" : 0,
        "short_ios" : 0,
        "drop_ios" : 0,
        "slat_ns" : {
          "min" : 0,
          "max" : 0,
          "mean" : 0.000000,
          "stddev" : 0.000000,
          "N" : 0
        },
        "clat_ns" : {
          "min" : 0,
          "max" : 0,
          "mean" : 0.000000,
          "stddev" : 0.000000,
          "N" : 0
        },
        "lat_ns" : {
          "min" : 0,
          "max" : 0,
          "mean" : 0.000000,
          "stddev" : 0.000000,
          "N" : 0
        },
        "bw_min" : 0,
        "bw_max" : 0,
        "bw_agg" : 0.000000,
        "bw_mean" : 0.000000,
        "bw_dev" : 0.000000,
        "bw_samples" : 0,
        "iops_min" : 0,
        "iops_max" : 0,
        "iops_mean" : 0.000000,
        "iops_stddev" : 0.000000,
        "iops_samples" : 0
      },
      "write" : {
        "io_bytes" : 4158525440,
        "io_kbytes" : 4061060,
        "bw_bytes" : 6930783,
        "bw" : 6768,
        "iops" : 1692.060773,
        "runtime" : 600008,
        "total_ios" : 1015250,
        "short_ios" : 0,
        "drop_ios" : 0,
        "slat_ns" : {
          "min" : 291,
          "max" : 1615382,
          "mean" : 2166.936092,
          "stddev" : 2832.707954,
          "N" : 1015250
        },
        "clat_ns" : {
          "min" : 2746356,
          "max" : 666650067,
          "mean" : 9453197.281814,
          "stddev" : 4710048.392471,
          "N" : 1015265,
          "percentile" : {
            "1.000000" : 4358144,
            "5.000000" : 5144576,
            "10.000000" : 5668864,
            "20.000000" : 6389760,
            "30.000000" : 7045120,
            "40.000000" : 7634944,
            "50.000000" : 8290304,
            "60.000000" : 9109504,
            "70.000000" : 10289152,
            "80.000000" : 11993088,
            "90.000000" : 14614528,
            "95.000000" : 17432576,
            "99.000000" : 23986176,
            "99.500000" : 27131904,
            "99.900000" : 34865152,
            "99.950000" : 39059456,
            "99.990000" : 53215232
          }
        },
        "lat_ns" : {
          "min" : 2746917,
          "max" : 666651219,
          "mean" : 9455364.219410,
          "stddev" : 4710070.198955,
          "N" : 1015265
        },
        "bw_min" : 3198,
        "bw_max" : 7840,
        "bw_agg" : 100.000000,
        "bw_mean" : 6769.841667,
        "bw_dev" : 477.351747,
        "bw_samples" : 1200,
        "iops_min" : 799,
        "iops_max" : 1960,
        "iops_mean" : 1692.420833,
        "iops_stddev" : 119.329656,
        "iops_samples" : 1200
      },
      "trim" : {
        "io_bytes" : 0,
        "io_kbytes" : 0,
        "bw_bytes" : 0,
        "bw" : 0,
        "iops" : 0.000000,
        "runtime" : 0,
        "total_ios" : 0,
        "short_ios" : 0,
        "drop_ios" : 0,
        "slat_ns" : {
          "min" : 0,
          "max" : 0,
          "mean" : 0.000000,
          "stddev" : 0.000000,
          "N" : 0
        },
        "clat_ns" : {
          "min" : 0,
          "max" : 0,
          "mean" : 0.000000,
          "stddev" : 0.000000,
          "N" : 0
        },
        "lat_ns" : {
          "min" : 0,
          "max" : 0,
          "mean" : 0.000000,
          "stddev" : 0.000000,
          "N" : 0
        },
        "bw_min" : 0,
        "bw_max" : 0,
        "bw_agg" : 0.000000,
        "bw_mean" : 0.000000,
        "bw_dev" : 0.000000,
        "bw_samples" : 0,
        "iops_min" : 0,
        "iops_max" : 0,
        "iops_mean" : 0.000000,
        "iops_stddev" : 0.000000,
        "iops_samples" : 0
      },
      "sync" : {
        "total_ios" : 0,
        "lat_ns" : {
          "min" : 0,
          "max" : 0,
          "mean" : 0.000000,
          "stddev" : 0.000000,
          "N" : 0
        }
      },
      "job_runtime" : 600007,
      "usr_cpu" : 0.594660,
      "sys_cpu" : 0.283997,
      "ctx" : 758468,
      "majf" : 0,
      "minf" : 2,
      "iodepth_level" : {
        "1" : 0.000000,
        "2" : 0.000000,
        "4" : 0.000000,
        "8" : 0.000000,
        "16" : 100.000000,
        "32" : 0.000000,
        ">=64" : 0.000000
      },
      "iodepth_submit" : {
        "0" : 0.000000,
        "4" : 100.000000,
        "8" : 0.000000,
        "16" : 0.000000,
        "32" : 0.000000,
        "64" : 0.000000,
        ">=64" : 0.000000
      },
      "iodepth_complete" : {
        "0" : 0.000000,
        "4" : 99.999951,
        "8" : 0.000000,
        "16" : 0.100000,
        "32" : 0.000000,
        "64" : 0.000000,
        ">=64" : 0.000000
      },
      "latency_ns" : {
        "2" : 0.000000,
        "4" : 0.000000,
        "10" : 0.000000,
        "20" : 0.000000,
        "50" : 0.000000,
        "100" : 0.000000,
        "250" : 0.000000,
        "500" : 0.000000,
        "750" : 0.000000,
        "1000" : 0.000000
      },
      "latency_us" : {
        "2" : 0.000000,
        "4" : 0.000000,
        "10" : 0.000000,
        "20" : 0.000000,
        "50" : 0.000000,
        "100" : 0.000000,
        "250" : 0.000000,
        "500" : 0.000000,
        "750" : 0.000000,
        "1000" : 0.000000
      },
      "latency_ms" : {
        "2" : 0.000000,
        "4" : 0.313519,
        "10" : 67.430978,
        "20" : 29.628269,
        "50" : 2.616498,
        "100" : 0.010000,
        "250" : 0.010000,
        "500" : 0.010000,
        "750" : 0.010000,
        "1000" : 0.000000,
        "2000" : 0.000000,
        ">=2000" : 0.000000
      },
      "latency_depth" : 16,
      "latency_target" : 0,
      "latency_percentile" : 100.000000,
      "latency_window" : 0
    }
  ],
  "disk_util" : [
    {
      "name" : "dm-3",
      "read_ios" : 21149,
      "write_ios" : 50064,
      "read_sectors" : 326506,
      "write_sectors" : 87829080,
      "read_merges" : 0,
      "write_merges" : 0,
      "read_ticks" : 1304,
      "write_ticks" : 32276,
      "in_queue" : 33580,
      "util" : 1.700278,
      "aggr_read_ios" : 25169,
      "aggr_write_ios" : 358991,
      "aggr_read_sectors" : 1318122,
      "aggr_write_sectors" : 87829080,
      "aggr_read_merges" : 311,
      "aggr_write_merge" : 24525,
      "aggr_read_ticks" : 3646,
      "aggr_write_ticks" : 1429888,
      "aggr_in_queue" : 1434083,
      "aggr_util" : 1.453806
    },
    {
      "name" : "nvme0n1",
      "read_ios" : 25169,
      "write_ios" : 358991,
      "read_sectors" : 1318122,
      "write_sectors" : 87829080,
      "read_merges" : 311,
      "write_merges" : 24525,
      "read_ticks" : 3646,
      "write_ticks" : 1429888,
      "in_queue" : 1434083,
      "util" : 1.453806
    }
  ]
}
